{"BuitenTemperatuur_act": {"mean": 9.478650083181494, "stddev": 3.903966995814664}, "roomtemp_setp": {"mean": 18.198764160659113, "stddev": 0.4332488350273861}}
